sample_name,filename,filename2
RTF001,lane1-s281-index--CAGTAGGT-CGTCGCTA-TS030_RoL_RTF001_S281_R1_001.fastq.gz,lane1-s281-index--CAGTAGGT-CGTCGCTA-TS030_RoL_RTF001_S281_R2_001.fastq.gz
RTF002,lane1-s231-index--GTAACGAG-ACGACGTG-TS030_RoL_RTF002_S231_R1_001.fastq.gz,lane1-s231-index--GTAACGAG-ACGACGTG-TS030_RoL_RTF002_S231_R2_001.fastq.gz
RTF003,lane1-s232-index--GTAACGAG-ATATACAC-TS030_RoL_RTF003_S232_R1_001.fastq.gz,lane1-s232-index--GTAACGAG-ATATACAC-TS030_RoL_RTF003_S232_R2_001.fastq.gz
RTF004,lane1-s233-index--GTAACGAG-CGTCGCTA-TS030_RoL_RTF004_S233_R1_001.fastq.gz,lane1-s233-index--GTAACGAG-CGTCGCTA-TS030_RoL_RTF004_S233_R2_001.fastq.gz
RTF005,lane1-s234-index--GTAACGAG-CTAGAGCT-TS030_RoL_RTF005_S234_R1_001.fastq.gz,lane1-s234-index--GTAACGAG-CTAGAGCT-TS030_RoL_RTF005_S234_R2_001.fastq.gz
RTF006,lane1-s282-index--CAGTAGGT-CTAGAGCT-TS030_RoL_RTF006_S282_R1_001.fastq.gz,lane1-s282-index--CAGTAGGT-CTAGAGCT-TS030_RoL_RTF006_S282_R2_001.fastq.gz
RTF007,lane1-s235-index--GTAACGAG-GCTCTAGT-TS030_RoL_RTF007_S235_R1_001.fastq.gz,lane1-s235-index--GTAACGAG-GCTCTAGT-TS030_RoL_RTF007_S235_R2_001.fastq.gz
RTF008,lane1-s236-index--GTAACGAG-GACACTGA-TS030_RoL_RTF008_S236_R1_001.fastq.gz,lane1-s236-index--GTAACGAG-GACACTGA-TS030_RoL_RTF008_S236_R2_001.fastq.gz
RTF009,lane1-s237-index--GTAACGAG-TGCGTACG-TS030_RoL_RTF009_S237_R1_001.fastq.gz,lane1-s237-index--GTAACGAG-TGCGTACG-TS030_RoL_RTF009_S237_R2_001.fastq.gz
RTF010,lane1-s238-index--GTAACGAG-TAGTGTAG-TS030_RoL_RTF010_S238_R1_001.fastq.gz,lane1-s238-index--GTAACGAG-TAGTGTAG-TS030_RoL_RTF010_S238_R2_001.fastq.gz
RTF011,lane1-s283-index--CAGTAGGT-GCTCTAGT-TS030_RoL_RTF011_S283_R1_001.fastq.gz,lane1-s283-index--CAGTAGGT-GCTCTAGT-TS030_RoL_RTF011_S283_R2_001.fastq.gz
RTF012,lane1-s239-index--ACGTGCGC-ACGACGTG-TS030_RoL_RTF012_S239_R1_001.fastq.gz,lane1-s239-index--ACGTGCGC-ACGACGTG-TS030_RoL_RTF012_S239_R2_001.fastq.gz
RTF013,lane1-s240-index--ACGTGCGC-ATATACAC-TS030_RoL_RTF013_S240_R1_001.fastq.gz,lane1-s240-index--ACGTGCGC-ATATACAC-TS030_RoL_RTF013_S240_R2_001.fastq.gz
RTF014,lane1-s241-index--ACGTGCGC-CGTCGCTA-TS030_RoL_RTF014_S241_R1_001.fastq.gz,lane1-s241-index--ACGTGCGC-CGTCGCTA-TS030_RoL_RTF014_S241_R2_001.fastq.gz
RTF015,lane1-s242-index--ACGTGCGC-CTAGAGCT-TS030_RoL_RTF015_S242_R1_001.fastq.gz,lane1-s242-index--ACGTGCGC-CTAGAGCT-TS030_RoL_RTF015_S242_R2_001.fastq.gz
RTF016,lane1-s243-index--ACGTGCGC-GCTCTAGT-TS030_RoL_RTF016_S243_R1_001.fastq.gz,lane1-s243-index--ACGTGCGC-GCTCTAGT-TS030_RoL_RTF016_S243_R2_001.fastq.gz
RTF017,lane1-s244-index--ACGTGCGC-GACACTGA-TS030_RoL_RTF017_S244_R1_001.fastq.gz,lane1-s244-index--ACGTGCGC-GACACTGA-TS030_RoL_RTF017_S244_R2_001.fastq.gz
RTF018,lane1-s245-index--ACGTGCGC-TGCGTACG-TS030_RoL_RTF018_S245_R1_001.fastq.gz,lane1-s245-index--ACGTGCGC-TGCGTACG-TS030_RoL_RTF018_S245_R2_001.fastq.gz
RTF019,lane1-s246-index--ACGTGCGC-TAGTGTAG-TS030_RoL_RTF019_S246_R1_001.fastq.gz,lane1-s246-index--ACGTGCGC-TAGTGTAG-TS030_RoL_RTF019_S246_R2_001.fastq.gz
RTF020,lane1-s247-index--ATAGTACC-ACGACGTG-TS030_RoL_RTF020_S247_R1_001.fastq.gz,lane1-s247-index--ATAGTACC-ACGACGTG-TS030_RoL_RTF020_S247_R2_001.fastq.gz
RTF021,lane1-s248-index--ATAGTACC-ATATACAC-TS030_RoL_RTF021_S248_R1_001.fastq.gz,lane1-s248-index--ATAGTACC-ATATACAC-TS030_RoL_RTF021_S248_R2_001.fastq.gz
RTF022,lane1-s249-index--ATAGTACC-CGTCGCTA-TS030_RoL_RTF022_S249_R1_001.fastq.gz,lane1-s249-index--ATAGTACC-CGTCGCTA-TS030_RoL_RTF022_S249_R2_001.fastq.gz
RTF023,lane1-s250-index--ATAGTACC-CTAGAGCT-TS030_RoL_RTF023_S250_R1_001.fastq.gz,lane1-s250-index--ATAGTACC-CTAGAGCT-TS030_RoL_RTF023_S250_R2_001.fastq.gz
RTF024,lane1-s251-index--ATAGTACC-GCTCTAGT-TS030_RoL_RTF024_S251_R1_001.fastq.gz,lane1-s251-index--ATAGTACC-GCTCTAGT-TS030_RoL_RTF024_S251_R2_001.fastq.gz
RTF025,lane1-s252-index--ATAGTACC-GACACTGA-TS030_RoL_RTF025_S252_R1_001.fastq.gz,lane1-s252-index--ATAGTACC-GACACTGA-TS030_RoL_RTF025_S252_R2_001.fastq.gz
RTF026,lane1-s253-index--ATAGTACC-TGCGTACG-TS030_RoL_RTF026_S253_R1_001.fastq.gz,lane1-s253-index--ATAGTACC-TGCGTACG-TS030_RoL_RTF026_S253_R2_001.fastq.gz
RTF027,lane1-s254-index--ATAGTACC-TAGTGTAG-TS030_RoL_RTF027_S254_R1_001.fastq.gz,lane1-s254-index--ATAGTACC-TAGTGTAG-TS030_RoL_RTF027_S254_R2_001.fastq.gz
RTF028,lane1-s255-index--GCGTATAC-ACGACGTG-TS030_RoL_RTF028_S255_R1_001.fastq.gz,lane1-s255-index--GCGTATAC-ACGACGTG-TS030_RoL_RTF028_S255_R2_001.fastq.gz
RTF029,lane1-s256-index--GCGTATAC-ATATACAC-TS030_RoL_RTF029_S256_R1_001.fastq.gz,lane1-s256-index--GCGTATAC-ATATACAC-TS030_RoL_RTF029_S256_R2_001.fastq.gz
RTF030,lane1-s257-index--GCGTATAC-CGTCGCTA-TS030_RoL_RTF030_S257_R1_001.fastq.gz,lane1-s257-index--GCGTATAC-CGTCGCTA-TS030_RoL_RTF030_S257_R2_001.fastq.gz
RTF031,lane1-s284-index--CAGTAGGT-GACACTGA-TS030_RoL_RTF031_S284_R1_001.fastq.gz,lane1-s284-index--CAGTAGGT-GACACTGA-TS030_RoL_RTF031_S284_R2_001.fastq.gz
RTF032,lane1-s258-index--GCGTATAC-CTAGAGCT-TS030_RoL_RTF032_S258_R1_001.fastq.gz,lane1-s258-index--GCGTATAC-CTAGAGCT-TS030_RoL_RTF032_S258_R2_001.fastq.gz
RTF033,lane1-s259-index--GCGTATAC-GCTCTAGT-TS030_RoL_RTF033_S259_R1_001.fastq.gz,lane1-s259-index--GCGTATAC-GCTCTAGT-TS030_RoL_RTF033_S259_R2_001.fastq.gz
RTF034,lane1-s260-index--GCGTATAC-GACACTGA-TS030_RoL_RTF034_S260_R1_001.fastq.gz,lane1-s260-index--GCGTATAC-GACACTGA-TS030_RoL_RTF034_S260_R2_001.fastq.gz
RTF035,lane1-s261-index--GCGTATAC-TGCGTACG-TS030_RoL_RTF035_S261_R1_001.fastq.gz,lane1-s261-index--GCGTATAC-TGCGTACG-TS030_RoL_RTF035_S261_R2_001.fastq.gz
RTF036,lane1-s285-index--CAGTAGGT-TGCGTACG-TS030_RoL_RTF036_S285_R1_001.fastq.gz,lane1-s285-index--CAGTAGGT-TGCGTACG-TS030_RoL_RTF036_S285_R2_001.fastq.gz
RTF037,lane1-s262-index--GCGTATAC-TAGTGTAG-TS030_RoL_RTF037_S262_R1_001.fastq.gz,lane1-s262-index--GCGTATAC-TAGTGTAG-TS030_RoL_RTF037_S262_R2_001.fastq.gz
RTF038,lane1-s002-index--CGAGAGTT-ACTATCTG-TS030_RoL_RTF038_S2_R1_001.fastq.gz,lane1-s002-index--CGAGAGTT-ACTATCTG-TS030_RoL_RTF038_S2_R2_001.fastq.gz
RTF039,lane1-s003-index--CGAGAGTT-TAGCGAGT-TS030_RoL_RTF039_S3_R1_001.fastq.gz,lane1-s003-index--CGAGAGTT-TAGCGAGT-TS030_RoL_RTF039_S3_R2_001.fastq.gz
RTF040,lane1-s004-index--CGAGAGTT-CTGCGTGT-TS030_RoL_RTF040_S4_R1_001.fastq.gz,lane1-s004-index--CGAGAGTT-CTGCGTGT-TS030_RoL_RTF040_S4_R2_001.fastq.gz
RTF041,lane1-s286-index--CAGTAGGT-TAGTGTAG-TS030_RoL_RTF041_S286_R1_001.fastq.gz,lane1-s286-index--CAGTAGGT-TAGTGTAG-TS030_RoL_RTF041_S286_R2_001.fastq.gz
RTF042,lane1-s005-index--CGAGAGTT-TCATCGAG-TS030_RoL_RTF042_S5_R1_001.fastq.gz,lane1-s005-index--CGAGAGTT-TCATCGAG-TS030_RoL_RTF042_S5_R2_001.fastq.gz
RTF043,lane1-s006-index--CGAGAGTT-CGTGAGTG-TS030_RoL_RTF043_S6_R1_001.fastq.gz,lane1-s006-index--CGAGAGTT-CGTGAGTG-TS030_RoL_RTF043_S6_R2_001.fastq.gz
RTF044,lane1-s007-index--CGAGAGTT-GGATATCT-TS030_RoL_RTF044_S7_R1_001.fastq.gz,lane1-s007-index--CGAGAGTT-GGATATCT-TS030_RoL_RTF044_S7_R2_001.fastq.gz
RTF045,lane1-s008-index--CGAGAGTT-GACACCGT-TS030_RoL_RTF045_S8_R1_001.fastq.gz,lane1-s008-index--CGAGAGTT-GACACCGT-TS030_RoL_RTF045_S8_R2_001.fastq.gz
RTF046,lane1-s009-index--GACATAGT-ATCGTACG-TS030_RoL_RTF046_S9_R1_001.fastq.gz,lane1-s009-index--GACATAGT-ATCGTACG-TS030_RoL_RTF046_S9_R2_001.fastq.gz
RTF047,lane1-s010-index--GACATAGT-ACTATCTG-TS030_RoL_RTF047_S10_R1_001.fastq.gz,lane1-s010-index--GACATAGT-ACTATCTG-TS030_RoL_RTF047_S10_R2_001.fastq.gz
RTF048,lane1-s011-index--GACATAGT-TAGCGAGT-TS030_RoL_RTF048_S11_R1_001.fastq.gz,lane1-s011-index--GACATAGT-TAGCGAGT-TS030_RoL_RTF048_S11_R2_001.fastq.gz
RTF049,lane1-s012-index--GACATAGT-CTGCGTGT-TS030_RoL_RTF049_S12_R1_001.fastq.gz,lane1-s012-index--GACATAGT-CTGCGTGT-TS030_RoL_RTF049_S12_R2_001.fastq.gz
RTF050,lane1-s013-index--GACATAGT-TCATCGAG-TS030_RoL_RTF050_S13_R1_001.fastq.gz,lane1-s013-index--GACATAGT-TCATCGAG-TS030_RoL_RTF050_S13_R2_001.fastq.gz
RTF051,lane1-s014-index--GACATAGT-CGTGAGTG-TS030_RoL_RTF051_S14_R1_001.fastq.gz,lane1-s014-index--GACATAGT-CGTGAGTG-TS030_RoL_RTF051_S14_R2_001.fastq.gz
RTF052,lane1-s015-index--GACATAGT-GGATATCT-TS030_RoL_RTF052_S15_R1_001.fastq.gz,lane1-s015-index--GACATAGT-GGATATCT-TS030_RoL_RTF052_S15_R2_001.fastq.gz
RTF053,lane1-s016-index--GACATAGT-GACACCGT-TS030_RoL_RTF053_S16_R1_001.fastq.gz,lane1-s016-index--GACATAGT-GACACCGT-TS030_RoL_RTF053_S16_R2_001.fastq.gz
RTF054,lane1-s017-index--ACGCTACT-ATCGTACG-TS030_RoL_RTF054_S17_R1_001.fastq.gz,lane1-s017-index--ACGCTACT-ATCGTACG-TS030_RoL_RTF054_S17_R2_001.fastq.gz
RTF055,lane1-s018-index--ACGCTACT-ACTATCTG-TS030_RoL_RTF055_S18_R1_001.fastq.gz,lane1-s018-index--ACGCTACT-ACTATCTG-TS030_RoL_RTF055_S18_R2_001.fastq.gz
RTF056,lane1-s019-index--ACGCTACT-TAGCGAGT-TS030_RoL_RTF056_S19_R1_001.fastq.gz,lane1-s019-index--ACGCTACT-TAGCGAGT-TS030_RoL_RTF056_S19_R2_001.fastq.gz
RTF057,lane1-s020-index--ACGCTACT-CTGCGTGT-TS030_RoL_RTF057_S20_R1_001.fastq.gz,lane1-s020-index--ACGCTACT-CTGCGTGT-TS030_RoL_RTF057_S20_R2_001.fastq.gz
RTF058,lane1-s021-index--ACGCTACT-TCATCGAG-TS030_RoL_RTF058_S21_R1_001.fastq.gz,lane1-s021-index--ACGCTACT-TCATCGAG-TS030_RoL_RTF058_S21_R2_001.fastq.gz
RTF059,lane1-s022-index--ACGCTACT-CGTGAGTG-TS030_RoL_RTF059_S22_R1_001.fastq.gz,lane1-s022-index--ACGCTACT-CGTGAGTG-TS030_RoL_RTF059_S22_R2_001.fastq.gz
RTF060,lane1-s023-index--ACGCTACT-GGATATCT-TS030_RoL_RTF060_S23_R1_001.fastq.gz,lane1-s023-index--ACGCTACT-GGATATCT-TS030_RoL_RTF060_S23_R2_001.fastq.gz
RTF062,lane1-s024-index--ACGCTACT-GACACCGT-TS030_RoL_RTF062_S24_R1_001.fastq.gz,lane1-s024-index--ACGCTACT-GACACCGT-TS030_RoL_RTF062_S24_R2_001.fastq.gz
RTF063,lane1-s025-index--ACTCACTG-ATCGTACG-TS030_RoL_RTF063_S25_R1_001.fastq.gz,lane1-s025-index--ACTCACTG-ATCGTACG-TS030_RoL_RTF063_S25_R2_001.fastq.gz
RTF064,lane1-s026-index--ACTCACTG-ACTATCTG-TS030_RoL_RTF064_S26_R1_001.fastq.gz,lane1-s026-index--ACTCACTG-ACTATCTG-TS030_RoL_RTF064_S26_R2_001.fastq.gz
RTF065,lane1-s027-index--ACTCACTG-TAGCGAGT-TS030_RoL_RTF065_S27_R1_001.fastq.gz,lane1-s027-index--ACTCACTG-TAGCGAGT-TS030_RoL_RTF065_S27_R2_001.fastq.gz
RTF066,lane1-s288-index--ATAGCGCT-ATATACAC-TS030_RoL_RTF066_S288_R1_001.fastq.gz,lane1-s288-index--ATAGCGCT-ATATACAC-TS030_RoL_RTF066_S288_R2_001.fastq.gz
RTF067,lane1-s028-index--ACTCACTG-CTGCGTGT-TS030_RoL_RTF067_S28_R1_001.fastq.gz,lane1-s028-index--ACTCACTG-CTGCGTGT-TS030_RoL_RTF067_S28_R2_001.fastq.gz
RTF068,lane1-s029-index--ACTCACTG-TCATCGAG-TS030_RoL_RTF068_S29_R1_001.fastq.gz,lane1-s029-index--ACTCACTG-TCATCGAG-TS030_RoL_RTF068_S29_R2_001.fastq.gz
RTF069,lane1-s030-index--ACTCACTG-CGTGAGTG-TS030_RoL_RTF069_S30_R1_001.fastq.gz,lane1-s030-index--ACTCACTG-CGTGAGTG-TS030_RoL_RTF069_S30_R2_001.fastq.gz
RTF070,lane1-s031-index--ACTCACTG-GGATATCT-TS030_RoL_RTF070_S31_R1_001.fastq.gz,lane1-s031-index--ACTCACTG-GGATATCT-TS030_RoL_RTF070_S31_R2_001.fastq.gz
RTF071,lane1-s289-index--ATAGCGCT-CGTCGCTA-TS030_RoL_RTF071_S289_R1_001.fastq.gz,lane1-s289-index--ATAGCGCT-CGTCGCTA-TS030_RoL_RTF071_S289_R2_001.fastq.gz
RTF072,lane1-s032-index--ACTCACTG-GACACCGT-TS030_RoL_RTF072_S32_R1_001.fastq.gz,lane1-s032-index--ACTCACTG-GACACCGT-TS030_RoL_RTF072_S32_R2_001.fastq.gz
RTF073,lane1-s033-index--TGAGTACG-ATCGTACG-TS030_RoL_RTF073_S33_R1_001.fastq.gz,lane1-s033-index--TGAGTACG-ATCGTACG-TS030_RoL_RTF073_S33_R2_001.fastq.gz
RTF074,lane1-s034-index--TGAGTACG-ACTATCTG-TS030_RoL_RTF074_S34_R1_001.fastq.gz,lane1-s034-index--TGAGTACG-ACTATCTG-TS030_RoL_RTF074_S34_R2_001.fastq.gz
RTF075,lane1-s035-index--TGAGTACG-TAGCGAGT-TS030_RoL_RTF075_S35_R1_001.fastq.gz,lane1-s035-index--TGAGTACG-TAGCGAGT-TS030_RoL_RTF075_S35_R2_001.fastq.gz
RTF076,lane1-s036-index--TGAGTACG-CTGCGTGT-TS030_RoL_RTF076_S36_R1_001.fastq.gz,lane1-s036-index--TGAGTACG-CTGCGTGT-TS030_RoL_RTF076_S36_R2_001.fastq.gz
RTF077,lane1-s037-index--TGAGTACG-TCATCGAG-TS030_RoL_RTF077_S37_R1_001.fastq.gz,lane1-s037-index--TGAGTACG-TCATCGAG-TS030_RoL_RTF077_S37_R2_001.fastq.gz
RTF078,lane1-s038-index--TGAGTACG-CGTGAGTG-TS030_RoL_RTF078_S38_R1_001.fastq.gz,lane1-s038-index--TGAGTACG-CGTGAGTG-TS030_RoL_RTF078_S38_R2_001.fastq.gz
RTF079,lane1-s039-index--TGAGTACG-GGATATCT-TS030_RoL_RTF079_S39_R1_001.fastq.gz,lane1-s039-index--TGAGTACG-GGATATCT-TS030_RoL_RTF079_S39_R2_001.fastq.gz
RTF080,lane1-s040-index--TGAGTACG-GACACCGT-TS030_RoL_RTF080_S40_R1_001.fastq.gz,lane1-s040-index--TGAGTACG-GACACCGT-TS030_RoL_RTF080_S40_R2_001.fastq.gz
RTF081,lane1-s041-index--CTGCGTAG-ATCGTACG-TS030_RoL_RTF081_S41_R1_001.fastq.gz,lane1-s041-index--CTGCGTAG-ATCGTACG-TS030_RoL_RTF081_S41_R2_001.fastq.gz
RTF082,lane1-s042-index--CTGCGTAG-ACTATCTG-TS030_RoL_RTF082_S42_R1_001.fastq.gz,lane1-s042-index--CTGCGTAG-ACTATCTG-TS030_RoL_RTF082_S42_R2_001.fastq.gz
RTF083,lane1-s043-index--CTGCGTAG-TAGCGAGT-TS030_RoL_RTF083_S43_R1_001.fastq.gz,lane1-s043-index--CTGCGTAG-TAGCGAGT-TS030_RoL_RTF083_S43_R2_001.fastq.gz
RTF084,lane1-s044-index--CTGCGTAG-CTGCGTGT-TS030_RoL_RTF084_S44_R1_001.fastq.gz,lane1-s044-index--CTGCGTAG-CTGCGTGT-TS030_RoL_RTF084_S44_R2_001.fastq.gz
RTF085,lane1-s045-index--CTGCGTAG-TCATCGAG-TS030_RoL_RTF085_S45_R1_001.fastq.gz,lane1-s045-index--CTGCGTAG-TCATCGAG-TS030_RoL_RTF085_S45_R2_001.fastq.gz
RTF086,lane1-s046-index--CTGCGTAG-CGTGAGTG-TS030_RoL_RTF086_S46_R1_001.fastq.gz,lane1-s046-index--CTGCGTAG-CGTGAGTG-TS030_RoL_RTF086_S46_R2_001.fastq.gz
RTF087,lane1-s047-index--CTGCGTAG-GGATATCT-TS030_RoL_RTF087_S47_R1_001.fastq.gz,lane1-s047-index--CTGCGTAG-GGATATCT-TS030_RoL_RTF087_S47_R2_001.fastq.gz
RTF088,lane1-s048-index--CTGCGTAG-GACACCGT-TS030_RoL_RTF088_S48_R1_001.fastq.gz,lane1-s048-index--CTGCGTAG-GACACCGT-TS030_RoL_RTF088_S48_R2_001.fastq.gz
RTF089,lane1-s049-index--TAGTCTCC-ACTATCTG-TS030_RoL_RTF089_S49_R1_001.fastq.gz,lane1-s049-index--TAGTCTCC-ACTATCTG-TS030_RoL_RTF089_S49_R2_001.fastq.gz
RTF090,lane1-s050-index--TAGTCTCC-TAGCGAGT-TS030_RoL_RTF090_S50_R1_001.fastq.gz,lane1-s050-index--TAGTCTCC-TAGCGAGT-TS030_RoL_RTF090_S50_R2_001.fastq.gz
RTF091,lane1-s290-index--ATAGCGCT-CTAGAGCT-TS030_RoL_RTF091_S290_R1_001.fastq.gz,lane1-s290-index--ATAGCGCT-CTAGAGCT-TS030_RoL_RTF091_S290_R2_001.fastq.gz
RTF092,lane1-s051-index--TAGTCTCC-CTGCGTGT-TS030_RoL_RTF092_S51_R1_001.fastq.gz,lane1-s051-index--TAGTCTCC-CTGCGTGT-TS030_RoL_RTF092_S51_R2_001.fastq.gz
RTF093,lane1-s052-index--TAGTCTCC-TCATCGAG-TS030_RoL_RTF093_S52_R1_001.fastq.gz,lane1-s052-index--TAGTCTCC-TCATCGAG-TS030_RoL_RTF093_S52_R2_001.fastq.gz
RTF094,lane1-s053-index--TAGTCTCC-CGTGAGTG-TS030_RoL_RTF094_S53_R1_001.fastq.gz,lane1-s053-index--TAGTCTCC-CGTGAGTG-TS030_RoL_RTF094_S53_R2_001.fastq.gz
RTF095,lane1-s054-index--TAGTCTCC-GGATATCT-TS030_RoL_RTF095_S54_R1_001.fastq.gz,lane1-s054-index--TAGTCTCC-GGATATCT-TS030_RoL_RTF095_S54_R2_001.fastq.gz
RTF096,lane1-s291-index--ATAGCGCT-GCTCTAGT-TS030_RoL_RTF096_S291_R1_001.fastq.gz,lane1-s291-index--ATAGCGCT-GCTCTAGT-TS030_RoL_RTF096_S291_R2_001.fastq.gz
RTF097,lane1-s055-index--TAGTCTCC-GACACCGT-TS030_RoL_RTF097_S55_R1_001.fastq.gz,lane1-s055-index--TAGTCTCC-GACACCGT-TS030_RoL_RTF097_S55_R2_001.fastq.gz
RTF098,lane1-s056-index--CGAGCGAC-ATCGTACG-TS030_RoL_RTF098_S56_R1_001.fastq.gz,lane1-s056-index--CGAGCGAC-ATCGTACG-TS030_RoL_RTF098_S56_R2_001.fastq.gz
RTF099,lane1-s057-index--CGAGCGAC-ACTATCTG-TS030_RoL_RTF099_S57_R1_001.fastq.gz,lane1-s057-index--CGAGCGAC-ACTATCTG-TS030_RoL_RTF099_S57_R2_001.fastq.gz
RTF100,lane1-s058-index--CGAGCGAC-TAGCGAGT-TS030_RoL_RTF100_S58_R1_001.fastq.gz,lane1-s058-index--CGAGCGAC-TAGCGAGT-TS030_RoL_RTF100_S58_R2_001.fastq.gz
RTF101,lane1-s292-index--ATAGCGCT-GACACTGA-TS030_RoL_RTF101_S292_R1_001.fastq.gz,lane1-s292-index--ATAGCGCT-GACACTGA-TS030_RoL_RTF101_S292_R2_001.fastq.gz
RTF102,lane1-s059-index--CGAGCGAC-CTGCGTGT-TS030_RoL_RTF102_S59_R1_001.fastq.gz,lane1-s059-index--CGAGCGAC-CTGCGTGT-TS030_RoL_RTF102_S59_R2_001.fastq.gz
RTF103,lane1-s060-index--CGAGCGAC-TCATCGAG-TS030_RoL_RTF103_S60_R1_001.fastq.gz,lane1-s060-index--CGAGCGAC-TCATCGAG-TS030_RoL_RTF103_S60_R2_001.fastq.gz
RTF104,lane1-s061-index--CGAGCGAC-CGTGAGTG-TS030_RoL_RTF104_S61_R1_001.fastq.gz,lane1-s061-index--CGAGCGAC-CGTGAGTG-TS030_RoL_RTF104_S61_R2_001.fastq.gz
RTF105,lane1-s062-index--CGAGCGAC-GGATATCT-TS030_RoL_RTF105_S62_R1_001.fastq.gz,lane1-s062-index--CGAGCGAC-GGATATCT-TS030_RoL_RTF105_S62_R2_001.fastq.gz
RTF106,lane1-s063-index--CGAGCGAC-GACACCGT-TS030_RoL_RTF106_S63_R1_001.fastq.gz,lane1-s063-index--CGAGCGAC-GACACCGT-TS030_RoL_RTF106_S63_R2_001.fastq.gz
RTF107,lane1-s064-index--ACTACGAC-ATCGTACG-TS030_RoL_RTF107_S64_R1_001.fastq.gz,lane1-s064-index--ACTACGAC-ATCGTACG-TS030_RoL_RTF107_S64_R2_001.fastq.gz
RTF108,lane1-s065-index--ACTACGAC-ACTATCTG-TS030_RoL_RTF108_S65_R1_001.fastq.gz,lane1-s065-index--ACTACGAC-ACTATCTG-TS030_RoL_RTF108_S65_R2_001.fastq.gz
RTF109,lane1-s066-index--ACTACGAC-TAGCGAGT-TS030_RoL_RTF109_S66_R1_001.fastq.gz,lane1-s066-index--ACTACGAC-TAGCGAGT-TS030_RoL_RTF109_S66_R2_001.fastq.gz
RTF110,lane1-s067-index--ACTACGAC-CTGCGTGT-TS030_RoL_RTF110_S67_R1_001.fastq.gz,lane1-s067-index--ACTACGAC-CTGCGTGT-TS030_RoL_RTF110_S67_R2_001.fastq.gz
RTF111,lane1-s068-index--ACTACGAC-TCATCGAG-TS030_RoL_RTF111_S68_R1_001.fastq.gz,lane1-s068-index--ACTACGAC-TCATCGAG-TS030_RoL_RTF111_S68_R2_001.fastq.gz
RTF112,lane1-s069-index--ACTACGAC-CGTGAGTG-TS030_RoL_RTF112_S69_R1_001.fastq.gz,lane1-s069-index--ACTACGAC-CGTGAGTG-TS030_RoL_RTF112_S69_R2_001.fastq.gz
RTF113,lane1-s070-index--ACTACGAC-GGATATCT-TS030_RoL_RTF113_S70_R1_001.fastq.gz,lane1-s070-index--ACTACGAC-GGATATCT-TS030_RoL_RTF113_S70_R2_001.fastq.gz
RTF114,lane1-s071-index--ACTACGAC-GACACCGT-TS030_RoL_RTF114_S71_R1_001.fastq.gz,lane1-s071-index--ACTACGAC-GACACCGT-TS030_RoL_RTF114_S71_R2_001.fastq.gz
RTF115,lane1-s072-index--GTCTGCTA-ATCGTACG-TS030_RoL_RTF115_S72_R1_001.fastq.gz,lane1-s072-index--GTCTGCTA-ATCGTACG-TS030_RoL_RTF115_S72_R2_001.fastq.gz
RTF116,lane1-s073-index--GTCTGCTA-ACTATCTG-TS030_RoL_RTF116_S73_R1_001.fastq.gz,lane1-s073-index--GTCTGCTA-ACTATCTG-TS030_RoL_RTF116_S73_R2_001.fastq.gz
RTF117,lane1-s074-index--GTCTGCTA-TAGCGAGT-TS030_RoL_RTF117_S74_R1_001.fastq.gz,lane1-s074-index--GTCTGCTA-TAGCGAGT-TS030_RoL_RTF117_S74_R2_001.fastq.gz
RTF118,lane1-s075-index--GTCTGCTA-CTGCGTGT-TS030_RoL_RTF118_S75_R1_001.fastq.gz,lane1-s075-index--GTCTGCTA-CTGCGTGT-TS030_RoL_RTF118_S75_R2_001.fastq.gz
RTF119,lane1-s076-index--GTCTGCTA-TCATCGAG-TS030_RoL_RTF119_S76_R1_001.fastq.gz,lane1-s076-index--GTCTGCTA-TCATCGAG-TS030_RoL_RTF119_S76_R2_001.fastq.gz
RTF120,lane1-s077-index--GTCTGCTA-CGTGAGTG-TS030_RoL_RTF120_S77_R1_001.fastq.gz,lane1-s077-index--GTCTGCTA-CGTGAGTG-TS030_RoL_RTF120_S77_R2_001.fastq.gz
RTF121,lane1-s293-index--ATAGCGCT-TGCGTACG-TS030_RoL_RTF121_S293_R1_001.fastq.gz,lane1-s293-index--ATAGCGCT-TGCGTACG-TS030_RoL_RTF121_S293_R2_001.fastq.gz
RTF122,lane1-s078-index--GTCTGCTA-GGATATCT-TS030_RoL_RTF122_S78_R1_001.fastq.gz,lane1-s078-index--GTCTGCTA-GGATATCT-TS030_RoL_RTF122_S78_R2_001.fastq.gz
RTF123,lane1-s079-index--GTCTGCTA-GACACCGT-TS030_RoL_RTF123_S79_R1_001.fastq.gz,lane1-s079-index--GTCTGCTA-GACACCGT-TS030_RoL_RTF123_S79_R2_001.fastq.gz
RTF124,lane1-s080-index--GTCTATGA-ATCGTACG-TS030_RoL_RTF124_S80_R1_001.fastq.gz,lane1-s080-index--GTCTATGA-ATCGTACG-TS030_RoL_RTF124_S80_R2_001.fastq.gz
RTF125,lane1-s081-index--GTCTATGA-ACTATCTG-TS030_RoL_RTF125_S81_R1_001.fastq.gz,lane1-s081-index--GTCTATGA-ACTATCTG-TS030_RoL_RTF125_S81_R2_001.fastq.gz
RTF126,lane1-s294-index--ATAGCGCT-TAGTGTAG-TS030_RoL_RTF126_S294_R1_001.fastq.gz,lane1-s294-index--ATAGCGCT-TAGTGTAG-TS030_RoL_RTF126_S294_R2_001.fastq.gz
RTF127,lane1-s082-index--GTCTATGA-TAGCGAGT-TS030_RoL_RTF127_S82_R1_001.fastq.gz,lane1-s082-index--GTCTATGA-TAGCGAGT-TS030_RoL_RTF127_S82_R2_001.fastq.gz
RTF128,lane1-s083-index--GTCTATGA-CTGCGTGT-TS030_RoL_RTF128_S83_R1_001.fastq.gz,lane1-s083-index--GTCTATGA-CTGCGTGT-TS030_RoL_RTF128_S83_R2_001.fastq.gz
RTF129,lane1-s084-index--GTCTATGA-TCATCGAG-TS030_RoL_RTF129_S84_R1_001.fastq.gz,lane1-s084-index--GTCTATGA-TCATCGAG-TS030_RoL_RTF129_S84_R2_001.fastq.gz
RTF130,lane1-s085-index--GTCTATGA-CGTGAGTG-TS030_RoL_RTF130_S85_R1_001.fastq.gz,lane1-s085-index--GTCTATGA-CGTGAGTG-TS030_RoL_RTF130_S85_R2_001.fastq.gz
RTF131,lane1-s295-index--TCTAGACT-ACGACGTG-TS030_RoL_RTF131_S295_R1_001.fastq.gz,lane1-s295-index--TCTAGACT-ACGACGTG-TS030_RoL_RTF131_S295_R2_001.fastq.gz
RTF132,lane1-s086-index--GTCTATGA-GGATATCT-TS030_RoL_RTF132_S86_R1_001.fastq.gz,lane1-s086-index--GTCTATGA-GGATATCT-TS030_RoL_RTF132_S86_R2_001.fastq.gz
RTF133,lane1-s087-index--GTCTATGA-GACACCGT-TS030_RoL_RTF133_S87_R1_001.fastq.gz,lane1-s087-index--GTCTATGA-GACACCGT-TS030_RoL_RTF133_S87_R2_001.fastq.gz
RTF134,lane1-s088-index--TATAGCGA-ATCGTACG-TS030_RoL_RTF134_S88_R1_001.fastq.gz,lane1-s088-index--TATAGCGA-ATCGTACG-TS030_RoL_RTF134_S88_R2_001.fastq.gz
RTF135,lane1-s089-index--TATAGCGA-ACTATCTG-TS030_RoL_RTF135_S89_R1_001.fastq.gz,lane1-s089-index--TATAGCGA-ACTATCTG-TS030_RoL_RTF135_S89_R2_001.fastq.gz
RTF136,lane1-s090-index--TATAGCGA-TAGCGAGT-TS030_RoL_RTF136_S90_R1_001.fastq.gz,lane1-s090-index--TATAGCGA-TAGCGAGT-TS030_RoL_RTF136_S90_R2_001.fastq.gz
RTF137,lane1-s091-index--TATAGCGA-CTGCGTGT-TS030_RoL_RTF137_S91_R1_001.fastq.gz,lane1-s091-index--TATAGCGA-CTGCGTGT-TS030_RoL_RTF137_S91_R2_001.fastq.gz
RTF138,lane1-s092-index--TATAGCGA-TCATCGAG-TS030_RoL_RTF138_S92_R1_001.fastq.gz,lane1-s092-index--TATAGCGA-TCATCGAG-TS030_RoL_RTF138_S92_R2_001.fastq.gz
RTF139,lane1-s093-index--TATAGCGA-CGTGAGTG-TS030_RoL_RTF139_S93_R1_001.fastq.gz,lane1-s093-index--TATAGCGA-CGTGAGTG-TS030_RoL_RTF139_S93_R2_001.fastq.gz
RTF140,lane1-s094-index--TATAGCGA-GGATATCT-TS030_RoL_RTF140_S94_R1_001.fastq.gz,lane1-s094-index--TATAGCGA-GGATATCT-TS030_RoL_RTF140_S94_R2_001.fastq.gz
RTF142,lane1-s097-index--CTCGACTT-CGTTACTA-TS030_RoL_RTF142_S97_R1_001.fastq.gz,lane1-s097-index--CTCGACTT-CGTTACTA-TS030_RoL_RTF142_S97_R2_001.fastq.gz
RTF143,lane1-s098-index--CTCGACTT-AGAGTCAC-TS030_RoL_RTF143_S98_R1_001.fastq.gz,lane1-s098-index--CTCGACTT-AGAGTCAC-TS030_RoL_RTF143_S98_R2_001.fastq.gz
RTF144,lane1-s099-index--CTCGACTT-TACGAGAC-TS030_RoL_RTF144_S99_R1_001.fastq.gz,lane1-s099-index--CTCGACTT-TACGAGAC-TS030_RoL_RTF144_S99_R2_001.fastq.gz
RTF145,lane1-s100-index--CTCGACTT-ACGTCTCG-TS030_RoL_RTF145_S100_R1_001.fastq.gz,lane1-s100-index--CTCGACTT-ACGTCTCG-TS030_RoL_RTF145_S100_R2_001.fastq.gz
RTF146,lane1-s101-index--CTCGACTT-TCGACGAG-TS030_RoL_RTF146_S101_R1_001.fastq.gz,lane1-s101-index--CTCGACTT-TCGACGAG-TS030_RoL_RTF146_S101_R2_001.fastq.gz
RTF147,lane1-s102-index--CTCGACTT-GATCGTGT-TS030_RoL_RTF147_S102_R1_001.fastq.gz,lane1-s102-index--CTCGACTT-GATCGTGT-TS030_RoL_RTF147_S102_R2_001.fastq.gz
RTF148,lane1-s103-index--CTCGACTT-GTCAGATA-TS030_RoL_RTF148_S103_R1_001.fastq.gz,lane1-s103-index--CTCGACTT-GTCAGATA-TS030_RoL_RTF148_S103_R2_001.fastq.gz
RTF149,lane1-s104-index--CGAAGTAT-CTACTATA-TS030_RoL_RTF149_S104_R1_001.fastq.gz,lane1-s104-index--CGAAGTAT-CTACTATA-TS030_RoL_RTF149_S104_R2_001.fastq.gz
RTF150,lane1-s105-index--CGAAGTAT-CGTTACTA-TS030_RoL_RTF150_S105_R1_001.fastq.gz,lane1-s105-index--CGAAGTAT-CGTTACTA-TS030_RoL_RTF150_S105_R2_001.fastq.gz
RTF151,lane1-s296-index--TCTAGACT-ATATACAC-TS030_RoL_RTF151_S296_R1_001.fastq.gz,lane1-s296-index--TCTAGACT-ATATACAC-TS030_RoL_RTF151_S296_R2_001.fastq.gz
RTF152,lane1-s106-index--CGAAGTAT-AGAGTCAC-TS030_RoL_RTF152_S106_R1_001.fastq.gz,lane1-s106-index--CGAAGTAT-AGAGTCAC-TS030_RoL_RTF152_S106_R2_001.fastq.gz
RTF153,lane1-s107-index--CGAAGTAT-TACGAGAC-TS030_RoL_RTF153_S107_R1_001.fastq.gz,lane1-s107-index--CGAAGTAT-TACGAGAC-TS030_RoL_RTF153_S107_R2_001.fastq.gz
RTF154,lane1-s108-index--CGAAGTAT-ACGTCTCG-TS030_RoL_RTF154_S108_R1_001.fastq.gz,lane1-s108-index--CGAAGTAT-ACGTCTCG-TS030_RoL_RTF154_S108_R2_001.fastq.gz
RTF155,lane1-s109-index--CGAAGTAT-TCGACGAG-TS030_RoL_RTF155_S109_R1_001.fastq.gz,lane1-s109-index--CGAAGTAT-TCGACGAG-TS030_RoL_RTF155_S109_R2_001.fastq.gz
RTF156,lane1-s297-index--TCTAGACT-CGTCGCTA-TS030_RoL_RTF156_S297_R1_001.fastq.gz,lane1-s297-index--TCTAGACT-CGTCGCTA-TS030_RoL_RTF156_S297_R2_001.fastq.gz
RTF157,lane1-s110-index--CGAAGTAT-GATCGTGT-TS030_RoL_RTF157_S110_R1_001.fastq.gz,lane1-s110-index--CGAAGTAT-GATCGTGT-TS030_RoL_RTF157_S110_R2_001.fastq.gz
RTF158,lane1-s111-index--CGAAGTAT-GTCAGATA-TS030_RoL_RTF158_S111_R1_001.fastq.gz,lane1-s111-index--CGAAGTAT-GTCAGATA-TS030_RoL_RTF158_S111_R2_001.fastq.gz
RTF159,lane1-s112-index--TAGCAGCT-CTACTATA-TS030_RoL_RTF159_S112_R1_001.fastq.gz,lane1-s112-index--TAGCAGCT-CTACTATA-TS030_RoL_RTF159_S112_R2_001.fastq.gz
RTF160,lane1-s113-index--TAGCAGCT-CGTTACTA-TS030_RoL_RTF160_S113_R1_001.fastq.gz,lane1-s113-index--TAGCAGCT-CGTTACTA-TS030_RoL_RTF160_S113_R2_001.fastq.gz
RTF161,lane1-s298-index--TCTAGACT-CTAGAGCT-TS030_RoL_RTF161_S298_R1_001.fastq.gz,lane1-s298-index--TCTAGACT-CTAGAGCT-TS030_RoL_RTF161_S298_R2_001.fastq.gz
RTF162,lane1-s114-index--TAGCAGCT-AGAGTCAC-TS030_RoL_RTF162_S114_R1_001.fastq.gz,lane1-s114-index--TAGCAGCT-AGAGTCAC-TS030_RoL_RTF162_S114_R2_001.fastq.gz
RTF163,lane1-s115-index--TAGCAGCT-TACGAGAC-TS030_RoL_RTF163_S115_R1_001.fastq.gz,lane1-s115-index--TAGCAGCT-TACGAGAC-TS030_RoL_RTF163_S115_R2_001.fastq.gz
RTF164,lane1-s116-index--TAGCAGCT-ACGTCTCG-TS030_RoL_RTF164_S116_R1_001.fastq.gz,lane1-s116-index--TAGCAGCT-ACGTCTCG-TS030_RoL_RTF164_S116_R2_001.fastq.gz
RTF165,lane1-s117-index--TAGCAGCT-TCGACGAG-TS030_RoL_RTF165_S117_R1_001.fastq.gz,lane1-s117-index--TAGCAGCT-TCGACGAG-TS030_RoL_RTF165_S117_R2_001.fastq.gz
RTF166,lane1-s118-index--TAGCAGCT-GATCGTGT-TS030_RoL_RTF166_S118_R1_001.fastq.gz,lane1-s118-index--TAGCAGCT-GATCGTGT-TS030_RoL_RTF166_S118_R2_001.fastq.gz
RTF168,lane1-s120-index--TCTCTATG-CTACTATA-TS030_RoL_RTF168_S120_R1_001.fastq.gz,lane1-s120-index--TCTCTATG-CTACTATA-TS030_RoL_RTF168_S120_R2_001.fastq.gz
RTF169,lane1-s121-index--TCTCTATG-CGTTACTA-TS030_RoL_RTF169_S121_R1_001.fastq.gz,lane1-s121-index--TCTCTATG-CGTTACTA-TS030_RoL_RTF169_S121_R2_001.fastq.gz
RTF170,lane1-s122-index--TCTCTATG-AGAGTCAC-TS030_RoL_RTF170_S122_R1_001.fastq.gz,lane1-s122-index--TCTCTATG-AGAGTCAC-TS030_RoL_RTF170_S122_R2_001.fastq.gz
RTF171,lane1-s123-index--TCTCTATG-TACGAGAC-TS030_RoL_RTF171_S123_R1_001.fastq.gz,lane1-s123-index--TCTCTATG-TACGAGAC-TS030_RoL_RTF171_S123_R2_001.fastq.gz
RTF172,lane1-s124-index--TCTCTATG-ACGTCTCG-TS030_RoL_RTF172_S124_R1_001.fastq.gz,lane1-s124-index--TCTCTATG-ACGTCTCG-TS030_RoL_RTF172_S124_R2_001.fastq.gz
RTF173,lane1-s125-index--TCTCTATG-TCGACGAG-TS030_RoL_RTF173_S125_R1_001.fastq.gz,lane1-s125-index--TCTCTATG-TCGACGAG-TS030_RoL_RTF173_S125_R2_001.fastq.gz
RTF174,lane1-s126-index--TCTCTATG-GATCGTGT-TS030_RoL_RTF174_S126_R1_001.fastq.gz,lane1-s126-index--TCTCTATG-GATCGTGT-TS030_RoL_RTF174_S126_R2_001.fastq.gz
RTF175,lane1-s127-index--TCTCTATG-GTCAGATA-TS030_RoL_RTF175_S127_R1_001.fastq.gz,lane1-s127-index--TCTCTATG-GTCAGATA-TS030_RoL_RTF175_S127_R2_001.fastq.gz
RTF176,lane1-s128-index--GATCTACG-CTACTATA-TS030_RoL_RTF176_S128_R1_001.fastq.gz,lane1-s128-index--GATCTACG-CTACTATA-TS030_RoL_RTF176_S128_R2_001.fastq.gz
RTF177,lane1-s129-index--GATCTACG-CGTTACTA-TS030_RoL_RTF177_S129_R1_001.fastq.gz,lane1-s129-index--GATCTACG-CGTTACTA-TS030_RoL_RTF177_S129_R2_001.fastq.gz
RTF178,lane1-s130-index--GATCTACG-AGAGTCAC-TS030_RoL_RTF178_S130_R1_001.fastq.gz,lane1-s130-index--GATCTACG-AGAGTCAC-TS030_RoL_RTF178_S130_R2_001.fastq.gz
RTF179,lane1-s131-index--GATCTACG-TACGAGAC-TS030_RoL_RTF179_S131_R1_001.fastq.gz,lane1-s131-index--GATCTACG-TACGAGAC-TS030_RoL_RTF179_S131_R2_001.fastq.gz
RTF180,lane1-s132-index--GATCTACG-ACGTCTCG-TS030_RoL_RTF180_S132_R1_001.fastq.gz,lane1-s132-index--GATCTACG-ACGTCTCG-TS030_RoL_RTF180_S132_R2_001.fastq.gz
RTF181,lane1-s299-index--TCTAGACT-GCTCTAGT-TS030_RoL_RTF181_S299_R1_001.fastq.gz,lane1-s299-index--TCTAGACT-GCTCTAGT-TS030_RoL_RTF181_S299_R2_001.fastq.gz
RTF182,lane1-s133-index--GATCTACG-TCGACGAG-TS030_RoL_RTF182_S133_R1_001.fastq.gz,lane1-s133-index--GATCTACG-TCGACGAG-TS030_RoL_RTF182_S133_R2_001.fastq.gz
RTF183,lane1-s134-index--GATCTACG-GATCGTGT-TS030_RoL_RTF183_S134_R1_001.fastq.gz,lane1-s134-index--GATCTACG-GATCGTGT-TS030_RoL_RTF183_S134_R2_001.fastq.gz
RTF184,lane1-s135-index--GATCTACG-GTCAGATA-TS030_RoL_RTF184_S135_R1_001.fastq.gz,lane1-s135-index--GATCTACG-GTCAGATA-TS030_RoL_RTF184_S135_R2_001.fastq.gz
RTF185,lane1-s136-index--GTAACGAG-CTACTATA-TS030_RoL_RTF185_S136_R1_001.fastq.gz,lane1-s136-index--GTAACGAG-CTACTATA-TS030_RoL_RTF185_S136_R2_001.fastq.gz
RTF186,lane1-s300-index--TCTAGACT-GACACTGA-TS030_RoL_RTF186_S300_R1_001.fastq.gz,lane1-s300-index--TCTAGACT-GACACTGA-TS030_RoL_RTF186_S300_R2_001.fastq.gz
RTF187,lane1-s137-index--GTAACGAG-CGTTACTA-TS030_RoL_RTF187_S137_R1_001.fastq.gz,lane1-s137-index--GTAACGAG-CGTTACTA-TS030_RoL_RTF187_S137_R2_001.fastq.gz
RTF188,lane1-s138-index--GTAACGAG-AGAGTCAC-TS030_RoL_RTF188_S138_R1_001.fastq.gz,lane1-s138-index--GTAACGAG-AGAGTCAC-TS030_RoL_RTF188_S138_R2_001.fastq.gz
RTF189,lane1-s139-index--GTAACGAG-TACGAGAC-TS030_RoL_RTF189_S139_R1_001.fastq.gz,lane1-s139-index--GTAACGAG-TACGAGAC-TS030_RoL_RTF189_S139_R2_001.fastq.gz
RTF190,lane1-s140-index--GTAACGAG-ACGTCTCG-TS030_RoL_RTF190_S140_R1_001.fastq.gz,lane1-s140-index--GTAACGAG-ACGTCTCG-TS030_RoL_RTF190_S140_R2_001.fastq.gz
RTF191,lane1-s301-index--TCTAGACT-TGCGTACG-TS030_RoL_RTF191_S301_R1_001.fastq.gz,lane1-s301-index--TCTAGACT-TGCGTACG-TS030_RoL_RTF191_S301_R2_001.fastq.gz
RTF192,lane1-s141-index--GTAACGAG-TCGACGAG-TS030_RoL_RTF192_S141_R1_001.fastq.gz,lane1-s141-index--GTAACGAG-TCGACGAG-TS030_RoL_RTF192_S141_R2_001.fastq.gz
RTF193,lane1-s142-index--GTAACGAG-GATCGTGT-TS030_RoL_RTF193_S142_R1_001.fastq.gz,lane1-s142-index--GTAACGAG-GATCGTGT-TS030_RoL_RTF193_S142_R2_001.fastq.gz
RTF194,lane1-s143-index--GTAACGAG-GTCAGATA-TS030_RoL_RTF194_S143_R1_001.fastq.gz,lane1-s143-index--GTAACGAG-GTCAGATA-TS030_RoL_RTF194_S143_R2_001.fastq.gz
RTF195,lane1-s144-index--ACGTGCGC-CGTTACTA-TS030_RoL_RTF195_S144_R1_001.fastq.gz,lane1-s144-index--ACGTGCGC-CGTTACTA-TS030_RoL_RTF195_S144_R2_001.fastq.gz
RTF196,lane1-s145-index--ACGTGCGC-AGAGTCAC-TS030_RoL_RTF196_S145_R1_001.fastq.gz,lane1-s145-index--ACGTGCGC-AGAGTCAC-TS030_RoL_RTF196_S145_R2_001.fastq.gz
RTF197,lane1-s146-index--ACGTGCGC-TACGAGAC-TS030_RoL_RTF197_S146_R1_001.fastq.gz,lane1-s146-index--ACGTGCGC-TACGAGAC-TS030_RoL_RTF197_S146_R2_001.fastq.gz
RTF198,lane1-s147-index--ACGTGCGC-ACGTCTCG-TS030_RoL_RTF198_S147_R1_001.fastq.gz,lane1-s147-index--ACGTGCGC-ACGTCTCG-TS030_RoL_RTF198_S147_R2_001.fastq.gz
RTF199,lane1-s148-index--ACGTGCGC-TCGACGAG-TS030_RoL_RTF199_S148_R1_001.fastq.gz,lane1-s148-index--ACGTGCGC-TCGACGAG-TS030_RoL_RTF199_S148_R2_001.fastq.gz
RTF200,lane1-s149-index--ACGTGCGC-GATCGTGT-TS030_RoL_RTF200_S149_R1_001.fastq.gz,lane1-s149-index--ACGTGCGC-GATCGTGT-TS030_RoL_RTF200_S149_R2_001.fastq.gz
RTF201,lane1-s150-index--ACGTGCGC-GTCAGATA-TS030_RoL_RTF201_S150_R1_001.fastq.gz,lane1-s150-index--ACGTGCGC-GTCAGATA-TS030_RoL_RTF201_S150_R2_001.fastq.gz
RTF202,lane1-s151-index--ATAGTACC-CTACTATA-TS030_RoL_RTF202_S151_R1_001.fastq.gz,lane1-s151-index--ATAGTACC-CTACTATA-TS030_RoL_RTF202_S151_R2_001.fastq.gz
RTF203,lane1-s152-index--ATAGTACC-CGTTACTA-TS030_RoL_RTF203_S152_R1_001.fastq.gz,lane1-s152-index--ATAGTACC-CGTTACTA-TS030_RoL_RTF203_S152_R2_001.fastq.gz
RTF204,lane1-s153-index--ATAGTACC-AGAGTCAC-TS030_RoL_RTF204_S153_R1_001.fastq.gz,lane1-s153-index--ATAGTACC-AGAGTCAC-TS030_RoL_RTF204_S153_R2_001.fastq.gz
RTF206,lane1-s155-index--ATAGTACC-ACGTCTCG-TS030_RoL_RTF206_S155_R1_001.fastq.gz,lane1-s155-index--ATAGTACC-ACGTCTCG-TS030_RoL_RTF206_S155_R2_001.fastq.gz
RTF207,lane1-s156-index--ATAGTACC-TCGACGAG-TS030_RoL_RTF207_S156_R1_001.fastq.gz,lane1-s156-index--ATAGTACC-TCGACGAG-TS030_RoL_RTF207_S156_R2_001.fastq.gz
RTF208,lane1-s157-index--ATAGTACC-GATCGTGT-TS030_RoL_RTF208_S157_R1_001.fastq.gz,lane1-s157-index--ATAGTACC-GATCGTGT-TS030_RoL_RTF208_S157_R2_001.fastq.gz
RTF209,lane1-s158-index--ATAGTACC-GTCAGATA-TS030_RoL_RTF209_S158_R1_001.fastq.gz,lane1-s158-index--ATAGTACC-GTCAGATA-TS030_RoL_RTF209_S158_R2_001.fastq.gz
RTF211,lane1-s302-index--TCTAGACT-TAGTGTAG-TS030_RoL_RTF211_S302_R1_001.fastq.gz,lane1-s302-index--TCTAGACT-TAGTGTAG-TS030_RoL_RTF211_S302_R2_001.fastq.gz
RTF212,lane1-s160-index--GCGTATAC-CGTTACTA-TS030_RoL_RTF212_S160_R1_001.fastq.gz,lane1-s160-index--GCGTATAC-CGTTACTA-TS030_RoL_RTF212_S160_R2_001.fastq.gz
RTF213,lane1-s161-index--GCGTATAC-AGAGTCAC-TS030_RoL_RTF213_S161_R1_001.fastq.gz,lane1-s161-index--GCGTATAC-AGAGTCAC-TS030_RoL_RTF213_S161_R2_001.fastq.gz
RTF214,lane1-s162-index--GCGTATAC-TACGAGAC-TS030_RoL_RTF214_S162_R1_001.fastq.gz,lane1-s162-index--GCGTATAC-TACGAGAC-TS030_RoL_RTF214_S162_R2_001.fastq.gz
RTF216,lane1-s303-index--TCCTCATG-ACGACGTG-TS030_RoL_RTF216_S303_R1_001.fastq.gz,lane1-s303-index--TCCTCATG-ACGACGTG-TS030_RoL_RTF216_S303_R2_001.fastq.gz
RTF217,lane1-s164-index--GCGTATAC-TCGACGAG-TS030_RoL_RTF217_S164_R1_001.fastq.gz,lane1-s164-index--GCGTATAC-TCGACGAG-TS030_RoL_RTF217_S164_R2_001.fastq.gz
RTF218,lane1-s165-index--GCGTATAC-GATCGTGT-TS030_RoL_RTF218_S165_R1_001.fastq.gz,lane1-s165-index--GCGTATAC-GATCGTGT-TS030_RoL_RTF218_S165_R2_001.fastq.gz
RTF219,lane1-s166-index--GCGTATAC-GTCAGATA-TS030_RoL_RTF219_S166_R1_001.fastq.gz,lane1-s166-index--GCGTATAC-GTCAGATA-TS030_RoL_RTF219_S166_R2_001.fastq.gz
RTF220,lane1-s167-index--TGCTCGTA-CTACTATA-TS030_RoL_RTF220_S167_R1_001.fastq.gz,lane1-s167-index--TGCTCGTA-CTACTATA-TS030_RoL_RTF220_S167_R2_001.fastq.gz
RTF221,lane1-s304-index--TCCTCATG-ATATACAC-TS030_RoL_RTF221_S304_R1_001.fastq.gz,lane1-s304-index--TCCTCATG-ATATACAC-TS030_RoL_RTF221_S304_R2_001.fastq.gz
RTF222,lane1-s168-index--TGCTCGTA-CGTTACTA-TS030_RoL_RTF222_S168_R1_001.fastq.gz,lane1-s168-index--TGCTCGTA-CGTTACTA-TS030_RoL_RTF222_S168_R2_001.fastq.gz
RTF223,lane1-s169-index--TGCTCGTA-AGAGTCAC-TS030_RoL_RTF223_S169_R1_001.fastq.gz,lane1-s169-index--TGCTCGTA-AGAGTCAC-TS030_RoL_RTF223_S169_R2_001.fastq.gz
RTF224,lane1-s170-index--TGCTCGTA-TACGAGAC-TS030_RoL_RTF224_S170_R1_001.fastq.gz,lane1-s170-index--TGCTCGTA-TACGAGAC-TS030_RoL_RTF224_S170_R2_001.fastq.gz
RTF226,lane1-s172-index--TGCTCGTA-TCGACGAG-TS030_RoL_RTF226_S172_R1_001.fastq.gz,lane1-s172-index--TGCTCGTA-TCGACGAG-TS030_RoL_RTF226_S172_R2_001.fastq.gz
RTF227,lane1-s173-index--TGCTCGTA-GATCGTGT-TS030_RoL_RTF227_S173_R1_001.fastq.gz,lane1-s173-index--TGCTCGTA-GATCGTGT-TS030_RoL_RTF227_S173_R2_001.fastq.gz
RTF228,lane1-s174-index--TGCTCGTA-GTCAGATA-TS030_RoL_RTF228_S174_R1_001.fastq.gz,lane1-s174-index--TGCTCGTA-GTCAGATA-TS030_RoL_RTF228_S174_R2_001.fastq.gz
RTF229,lane1-s175-index--AACGCTGA-CTACTATA-TS030_RoL_RTF229_S175_R1_001.fastq.gz,lane1-s175-index--AACGCTGA-CTACTATA-TS030_RoL_RTF229_S175_R2_001.fastq.gz
RTF231,lane1-s177-index--AACGCTGA-AGAGTCAC-TS030_RoL_RTF231_S177_R1_001.fastq.gz,lane1-s177-index--AACGCTGA-AGAGTCAC-TS030_RoL_RTF231_S177_R2_001.fastq.gz
RTF232,lane1-s178-index--AACGCTGA-TACGAGAC-TS030_RoL_RTF232_S178_R1_001.fastq.gz,lane1-s178-index--AACGCTGA-TACGAGAC-TS030_RoL_RTF232_S178_R2_001.fastq.gz
RTF233,lane1-s179-index--AACGCTGA-ACGTCTCG-TS030_RoL_RTF233_S179_R1_001.fastq.gz,lane1-s179-index--AACGCTGA-ACGTCTCG-TS030_RoL_RTF233_S179_R2_001.fastq.gz
RTF234,lane1-s180-index--AACGCTGA-TCGACGAG-TS030_RoL_RTF234_S180_R1_001.fastq.gz,lane1-s180-index--AACGCTGA-TCGACGAG-TS030_RoL_RTF234_S180_R2_001.fastq.gz
RTF236,lane1-s182-index--AACGCTGA-GTCAGATA-TS030_RoL_RTF236_S182_R1_001.fastq.gz,lane1-s182-index--AACGCTGA-GTCAGATA-TS030_RoL_RTF236_S182_R2_001.fastq.gz
RTF237,lane1-s183-index--CGTAGCGA-CTACTATA-TS030_RoL_RTF237_S183_R1_001.fastq.gz,lane1-s183-index--CGTAGCGA-CTACTATA-TS030_RoL_RTF237_S183_R2_001.fastq.gz
RTF238,lane1-s184-index--CGTAGCGA-CGTTACTA-TS030_RoL_RTF238_S184_R1_001.fastq.gz,lane1-s184-index--CGTAGCGA-CGTTACTA-TS030_RoL_RTF238_S184_R2_001.fastq.gz
RTF239,lane1-s185-index--CGTAGCGA-AGAGTCAC-TS030_RoL_RTF239_S185_R1_001.fastq.gz,lane1-s185-index--CGTAGCGA-AGAGTCAC-TS030_RoL_RTF239_S185_R2_001.fastq.gz
RTF241,lane1-s305-index--TCCTCATG-CGTCGCTA-TS030_RoL_RTF241_S305_R1_001.fastq.gz,lane1-s305-index--TCCTCATG-CGTCGCTA-TS030_RoL_RTF241_S305_R2_001.fastq.gz
RTF242,lane1-s187-index--CGTAGCGA-ACGTCTCG-TS030_RoL_RTF242_S187_R1_001.fastq.gz,lane1-s187-index--CGTAGCGA-ACGTCTCG-TS030_RoL_RTF242_S187_R2_001.fastq.gz
RTF243,lane1-s188-index--CGTAGCGA-TCGACGAG-TS030_RoL_RTF243_S188_R1_001.fastq.gz,lane1-s188-index--CGTAGCGA-TCGACGAG-TS030_RoL_RTF243_S188_R2_001.fastq.gz
RTF244,lane1-s189-index--CGTAGCGA-GATCGTGT-TS030_RoL_RTF244_S189_R1_001.fastq.gz,lane1-s189-index--CGTAGCGA-GATCGTGT-TS030_RoL_RTF244_S189_R2_001.fastq.gz
RTF246,lane1-s306-index--TCCTCATG-CTAGAGCT-TS030_RoL_RTF246_S306_R1_001.fastq.gz,lane1-s306-index--TCCTCATG-CTAGAGCT-TS030_RoL_RTF246_S306_R2_001.fastq.gz
RTF247,lane1-s192-index--CTCGACTT-ATATACAC-TS030_RoL_RTF247_S192_R1_001.fastq.gz,lane1-s192-index--CTCGACTT-ATATACAC-TS030_RoL_RTF247_S192_R2_001.fastq.gz
RTF249,lane1-s194-index--CTCGACTT-CTAGAGCT-TS030_RoL_RTF249_S194_R1_001.fastq.gz,lane1-s194-index--CTCGACTT-CTAGAGCT-TS030_RoL_RTF249_S194_R2_001.fastq.gz
RTF250,lane1-s195-index--CTCGACTT-GCTCTAGT-TS030_RoL_RTF250_S195_R1_001.fastq.gz,lane1-s195-index--CTCGACTT-GCTCTAGT-TS030_RoL_RTF250_S195_R2_001.fastq.gz
RTF251,lane1-s307-index--TCCTCATG-GCTCTAGT-TS030_RoL_RTF251_S307_R1_001.fastq.gz,lane1-s307-index--TCCTCATG-GCTCTAGT-TS030_RoL_RTF251_S307_R2_001.fastq.gz
RTF252,lane1-s196-index--CTCGACTT-GACACTGA-TS030_RoL_RTF252_S196_R1_001.fastq.gz,lane1-s196-index--CTCGACTT-GACACTGA-TS030_RoL_RTF252_S196_R2_001.fastq.gz
RTF253,lane1-s197-index--CTCGACTT-TGCGTACG-TS030_RoL_RTF253_S197_R1_001.fastq.gz,lane1-s197-index--CTCGACTT-TGCGTACG-TS030_RoL_RTF253_S197_R2_001.fastq.gz
RTF254,lane1-s198-index--CTCGACTT-TAGTGTAG-TS030_RoL_RTF254_S198_R1_001.fastq.gz,lane1-s198-index--CTCGACTT-TAGTGTAG-TS030_RoL_RTF254_S198_R2_001.fastq.gz
RTF255,lane1-s199-index--CGAAGTAT-ACGACGTG-TS030_RoL_RTF255_S199_R1_001.fastq.gz,lane1-s199-index--CGAAGTAT-ACGACGTG-TS030_RoL_RTF255_S199_R2_001.fastq.gz
RTF256,lane1-s200-index--CGAAGTAT-ATATACAC-TS030_RoL_RTF256_S200_R1_001.fastq.gz,lane1-s200-index--CGAAGTAT-ATATACAC-TS030_RoL_RTF256_S200_R2_001.fastq.gz
RTF257,lane1-s201-index--CGAAGTAT-CGTCGCTA-TS030_RoL_RTF257_S201_R1_001.fastq.gz,lane1-s201-index--CGAAGTAT-CGTCGCTA-TS030_RoL_RTF257_S201_R2_001.fastq.gz
RTF258,lane1-s202-index--CGAAGTAT-CTAGAGCT-TS030_RoL_RTF258_S202_R1_001.fastq.gz,lane1-s202-index--CGAAGTAT-CTAGAGCT-TS030_RoL_RTF258_S202_R2_001.fastq.gz
RTF259,lane1-s203-index--CGAAGTAT-GCTCTAGT-TS030_RoL_RTF259_S203_R1_001.fastq.gz,lane1-s203-index--CGAAGTAT-GCTCTAGT-TS030_RoL_RTF259_S203_R2_001.fastq.gz
RTF260,lane1-s204-index--CGAAGTAT-GACACTGA-TS030_RoL_RTF260_S204_R1_001.fastq.gz,lane1-s204-index--CGAAGTAT-GACACTGA-TS030_RoL_RTF260_S204_R2_001.fastq.gz
RTF261,lane1-s205-index--CGAAGTAT-TGCGTACG-TS030_RoL_RTF261_S205_R1_001.fastq.gz,lane1-s205-index--CGAAGTAT-TGCGTACG-TS030_RoL_RTF261_S205_R2_001.fastq.gz
RTF262,lane1-s206-index--CGAAGTAT-TAGTGTAG-TS030_RoL_RTF262_S206_R1_001.fastq.gz,lane1-s206-index--CGAAGTAT-TAGTGTAG-TS030_RoL_RTF262_S206_R2_001.fastq.gz
RTF263,lane1-s207-index--TAGCAGCT-ACGACGTG-TS030_RoL_RTF263_S207_R1_001.fastq.gz,lane1-s207-index--TAGCAGCT-ACGACGTG-TS030_RoL_RTF263_S207_R2_001.fastq.gz
RTF264,lane1-s208-index--TAGCAGCT-ATATACAC-TS030_RoL_RTF264_S208_R1_001.fastq.gz,lane1-s208-index--TAGCAGCT-ATATACAC-TS030_RoL_RTF264_S208_R2_001.fastq.gz
RTF265,lane1-s209-index--TAGCAGCT-CGTCGCTA-TS030_RoL_RTF265_S209_R1_001.fastq.gz,lane1-s209-index--TAGCAGCT-CGTCGCTA-TS030_RoL_RTF265_S209_R2_001.fastq.gz
RTF266,lane1-s210-index--TAGCAGCT-CTAGAGCT-TS030_RoL_RTF266_S210_R1_001.fastq.gz,lane1-s210-index--TAGCAGCT-CTAGAGCT-TS030_RoL_RTF266_S210_R2_001.fastq.gz
RTF267,lane1-s211-index--TAGCAGCT-GCTCTAGT-TS030_RoL_RTF267_S211_R1_001.fastq.gz,lane1-s211-index--TAGCAGCT-GCTCTAGT-TS030_RoL_RTF267_S211_R2_001.fastq.gz
RTF268,lane1-s212-index--TAGCAGCT-GACACTGA-TS030_RoL_RTF268_S212_R1_001.fastq.gz,lane1-s212-index--TAGCAGCT-GACACTGA-TS030_RoL_RTF268_S212_R2_001.fastq.gz
RTF269,lane1-s213-index--TAGCAGCT-TGCGTACG-TS030_RoL_RTF269_S213_R1_001.fastq.gz,lane1-s213-index--TAGCAGCT-TGCGTACG-TS030_RoL_RTF269_S213_R2_001.fastq.gz
RTF270,lane1-s214-index--TAGCAGCT-TAGTGTAG-TS030_RoL_RTF270_S214_R1_001.fastq.gz,lane1-s214-index--TAGCAGCT-TAGTGTAG-TS030_RoL_RTF270_S214_R2_001.fastq.gz
RTF271,lane1-s308-index--TCCTCATG-GACACTGA-TS030_RoL_RTF271_S308_R1_001.fastq.gz,lane1-s308-index--TCCTCATG-GACACTGA-TS030_RoL_RTF271_S308_R2_001.fastq.gz
RTF272,lane1-s215-index--TCTCTATG-ACGACGTG-TS030_RoL_RTF272_S215_R1_001.fastq.gz,lane1-s215-index--TCTCTATG-ACGACGTG-TS030_RoL_RTF272_S215_R2_001.fastq.gz
RTF273,lane1-s216-index--TCTCTATG-ATATACAC-TS030_RoL_RTF273_S216_R1_001.fastq.gz,lane1-s216-index--TCTCTATG-ATATACAC-TS030_RoL_RTF273_S216_R2_001.fastq.gz
RTF274,lane1-s217-index--TCTCTATG-CGTCGCTA-TS030_RoL_RTF274_S217_R1_001.fastq.gz,lane1-s217-index--TCTCTATG-CGTCGCTA-TS030_RoL_RTF274_S217_R2_001.fastq.gz
RTF275,lane1-s218-index--TCTCTATG-CTAGAGCT-TS030_RoL_RTF275_S218_R1_001.fastq.gz,lane1-s218-index--TCTCTATG-CTAGAGCT-TS030_RoL_RTF275_S218_R2_001.fastq.gz
RTF276,lane1-s309-index--TCCTCATG-TGCGTACG-TS030_RoL_RTF276_S309_R1_001.fastq.gz,lane1-s309-index--TCCTCATG-TGCGTACG-TS030_RoL_RTF276_S309_R2_001.fastq.gz
RTF277,lane1-s219-index--TCTCTATG-GCTCTAGT-TS030_RoL_RTF277_S219_R1_001.fastq.gz,lane1-s219-index--TCTCTATG-GCTCTAGT-TS030_RoL_RTF277_S219_R2_001.fastq.gz
RTF278,lane1-s220-index--TCTCTATG-GACACTGA-TS030_RoL_RTF278_S220_R1_001.fastq.gz,lane1-s220-index--TCTCTATG-GACACTGA-TS030_RoL_RTF278_S220_R2_001.fastq.gz
RTF279,lane1-s221-index--TCTCTATG-TGCGTACG-TS030_RoL_RTF279_S221_R1_001.fastq.gz,lane1-s221-index--TCTCTATG-TGCGTACG-TS030_RoL_RTF279_S221_R2_001.fastq.gz
RTF280,lane1-s222-index--TCTCTATG-TAGTGTAG-TS030_RoL_RTF280_S222_R1_001.fastq.gz,lane1-s222-index--TCTCTATG-TAGTGTAG-TS030_RoL_RTF280_S222_R2_001.fastq.gz
RTF281,lane1-s310-index--TCCTCATG-TAGTGTAG-TS030_RoL_RTF281_S310_R1_001.fastq.gz,lane1-s310-index--TCCTCATG-TAGTGTAG-TS030_RoL_RTF281_S310_R2_001.fastq.gz
RTF282,lane1-s223-index--GATCTACG-ACGACGTG-TS030_RoL_RTF282_S223_R1_001.fastq.gz,lane1-s223-index--GATCTACG-ACGACGTG-TS030_RoL_RTF282_S223_R2_001.fastq.gz
RTF283,lane1-s224-index--GATCTACG-ATATACAC-TS030_RoL_RTF283_S224_R1_001.fastq.gz,lane1-s224-index--GATCTACG-ATATACAC-TS030_RoL_RTF283_S224_R2_001.fastq.gz
RTF284,lane1-s225-index--GATCTACG-CGTCGCTA-TS030_RoL_RTF284_S225_R1_001.fastq.gz,lane1-s225-index--GATCTACG-CGTCGCTA-TS030_RoL_RTF284_S225_R2_001.fastq.gz
RTF285,lane1-s226-index--GATCTACG-CTAGAGCT-TS030_RoL_RTF285_S226_R1_001.fastq.gz,lane1-s226-index--GATCTACG-CTAGAGCT-TS030_RoL_RTF285_S226_R2_001.fastq.gz
RTF287,lane1-s119-index--TAGCAGCT-GTCAGATA-TS030_RoL_RTF287_S119_R1_001.fastq.gz,lane1-s119-index--TAGCAGCT-GTCAGATA-TS030_RoL_RTF287_S119_R2_001.fastq.gz
RTF288,lane1-s154-index--ATAGTACC-TACGAGAC-TS030_RoL_RTF288_S154_R1_001.fastq.gz,lane1-s154-index--ATAGTACC-TACGAGAC-TS030_RoL_RTF288_S154_R2_001.fastq.gz
RTF289,lane1-s159-index--GCGTATAC-CTACTATA-TS030_RoL_RTF289_S159_R1_001.fastq.gz,lane1-s159-index--GCGTATAC-CTACTATA-TS030_RoL_RTF289_S159_R2_001.fastq.gz
RTF290,lane1-s163-index--GCGTATAC-ACGTCTCG-TS030_RoL_RTF290_S163_R1_001.fastq.gz,lane1-s163-index--GCGTATAC-ACGTCTCG-TS030_RoL_RTF290_S163_R2_001.fastq.gz
RTF292,lane1-s171-index--TGCTCGTA-ACGTCTCG-TS030_RoL_RTF292_S171_R1_001.fastq.gz,lane1-s171-index--TGCTCGTA-ACGTCTCG-TS030_RoL_RTF292_S171_R2_001.fastq.gz
RTF293,lane1-s176-index--AACGCTGA-CGTTACTA-TS030_RoL_RTF293_S176_R1_001.fastq.gz,lane1-s176-index--AACGCTGA-CGTTACTA-TS030_RoL_RTF293_S176_R2_001.fastq.gz
RTF294,lane1-s181-index--AACGCTGA-GATCGTGT-TS030_RoL_RTF294_S181_R1_001.fastq.gz,lane1-s181-index--AACGCTGA-GATCGTGT-TS030_RoL_RTF294_S181_R2_001.fastq.gz
RTF295,lane1-s186-index--CGTAGCGA-TACGAGAC-TS030_RoL_RTF295_S186_R1_001.fastq.gz,lane1-s186-index--CGTAGCGA-TACGAGAC-TS030_RoL_RTF295_S186_R2_001.fastq.gz
RTF299,lane1-s228-index--GATCTACG-GACACTGA-TS030_RoL_RTF299_S228_R1_001.fastq.gz,lane1-s228-index--GATCTACG-GACACTGA-TS030_RoL_RTF299_S228_R2_001.fastq.gz
RTF300,lane1-s229-index--GATCTACG-TGCGTACG-TS030_RoL_RTF300_S229_R1_001.fastq.gz,lane1-s229-index--GATCTACG-TGCGTACG-TS030_RoL_RTF300_S229_R2_001.fastq.gz
RTF301,lane1-s230-index--GATCTACG-TAGTGTAG-TS030_RoL_RTF301_S230_R1_001.fastq.gz,lane1-s230-index--GATCTACG-TAGTGTAG-TS030_RoL_RTF301_S230_R2_001.fastq.gz